"Drug name","Number of drug mentions in thousands"
"All drug mentions",213387
Ibuprofen,14607
Acetaminophen-hydrocodone,13114
Acetaminophen,10430
Promethazine,7446
Ketorolac,7335
Morphine,6747
Ondansetron,6064
Hydromorphone,5074
"Sodium chloride",4940
Acetaminophen-oxycodone,4557
Albuterol,4190
Azithromycin,3591
Amoxicillin,3509
Aspirin,3449
Ceftriaxone,3369
Cephalexin,3276
Sulfamethoxazole-trimethoprim,3008
Diphenhydramine,2992
Lorazepam,2795
Levofloxacin,2666
"All other",100228
