"Primary diagnosis","Number of visits in thousands"
"All male visits, age under 15 years",12236
"Acute upper respiratory infections, excluding pharyngitis",1250
"Otitis media and Eustachian tube disorders",946
"Open wound of head",651
"Contusion with intact skin surface",583
"Pyrexia of unknown origin",541
"Open wound, excluding head",434
Asthma,375
"Fractures, excluding lower limb",364
"Unspecified viral and Chlamydia infection",351
"Acute pharyngitis",292
"All other diagnoses",6450
