"Primary diagnosis","Standard error in thousands"
"All female visits, age under 15 years",859
"Acute upper respiratory infections, excluding pharyngitis",137
"Otitis media and Eustachian tube disorders",92
"Unspecified viral and Chlamydia infection",124
"Contusion with intact skin surface",63
"Pyrexia of unknown origin",67
"Open wound of head",55
"Acute pharyngitis",45
"Abdominal pain",58
"Noninfectious enteritis and colitis",62
"Fractures, excluding lower limb ",45
"All other diagnoses",482
